#Name	baseMean	log2FoldChange	lfcSE	stat	pvalue	padj
CCND1	15466.4880138483	-2.55960489298392	0.0813520320342695	-31.4633184811621	2.75974671489994e-217	7.65553738713244e-213
TUBA1A	2249.47358610127	5.45855122216757	0.190630508275897	28.6341953947239	2.52220835482246e-180	3.49830298813875e-176
PPP2R1B	9648.73883339039	-2.91311338472197	0.12207259939809	-23.8637777772064	7.28542213732022e-126	6.73658700297543e-122
RP11-573D15	14.2053466612224	-0.64561443654889	0.716946131142529	-0.90050620054262	0.367850927063212	NA
RREB1	0.50373126379805	0.984884677568074	4.03626394289884	0.244008987395589	0.807223859339232	NA
GNRHR2P1	75.4417775604919	1.33745606092082	3.72797613281902	0.358761969838433	NA	NA
